school,country,city,type,degree_for_composition,app_route,app_deadline,music_requirement,entry_for_fall_2027,language,rough_cost_usd_per_year,us_aid,what_cian_needs_abroad,why,program_link,confidence
USC Thornton,USA,Los Angeles CA,private,BM Composition,Common App + SlideRoom portfolio ($35),2026-12-01,"3 contrasting works (scores + recordings), intro video, project video, resume, works list. No audition.",Fall 2027,English,~95k sticker; need-based aid is generous,FAFSA + CSS Profile; Cal Grant works (CA private),,Top composition school 20 minutes from home; strong film/media scoring network.,https://music.usc.edu/admission/appreqs/composition-undergraduate/,verified
Chapman University,USA,Orange CA,private,BM Composition,Common App + Creative Supplement,EA 2026-11-01; RD 2027-01-15,"Creative Supplement portfolio, then live or virtual audition and interview with program director.",Fall 2027,English,~90k sticker; merit + talent awards common,FAFSA + CSS Profile; Cal Grant works,,"Small conservatory inside a university, close to home, good talent scholarships.",https://www.chapman.edu/copa/music/admission/index.aspx,verified
CalArts,USA,Valencia CA,private,BFA Composition & Experimental Sound Practices; BFA Performer-Composer,CalArts application + portfolio,"Priority ~Dec 1, regular ~Jan 5 (2025 cycle dates; confirm for 2027)","Portfolio of original work; experimental, electronic and film work welcome.",Fall 2027,English,~85k sticker,FAFSA; Cal Grant works,,"Best fit if Cian leans experimental, electronic or film/game music; famous alumni in scoring.",https://calarts.edu/apply/bfa-performer-composer,partly verified
San Francisco Conservatory of Music,USA,San Francisco CA,private,BM Composition,SFCM application + prescreen portfolio,2026-12-01,"Prescreen portfolio, then final audition/interview (scheduled mid-Dec to Jan 30).",Fall 2027,English,~80k sticker,FAFSA; Cal Grant works,,Pure conservatory with a strong new-music scene; in-state for Cal Grant.,https://sfcm.edu/how-apply,verified
University of the Pacific,USA,Stockton CA,private,BM Composition,Common App + music audition,Typically Jan 15 (confirm),Composition portfolio and interview (confirm details).,Fall 2027,English,~75k sticker; big merit discounts typical,FAFSA; Cal Grant works,,Small Conservatory with lots of individual attention and real merit money.,https://www.pacific.edu/conservatory,inferred
University of Redlands,USA,Redlands CA,private,BM Composition,Common App + music audition,Typically Jan 15 (confirm),Portfolio + audition (confirm details).,Fall 2027,English,~75k sticker; generous merit typical,FAFSA; Cal Grant works,,"Southern California, small classes, composers get performances early.",https://www.redlands.edu/study/schools-and-centers/college-of-arts-and-sciences/undergraduate-studies/music/,inferred
Oberlin Conservatory,USA,Oberlin OH,private,BM Composition (also TIMARA electronic music),Common App + Acceptd/portfolio,Typically Dec 1 (confirm),"Composition portfolio, then interview.",Fall 2027,English,~90k sticker; strong need-based aid,FAFSA + CSS Profile; no Cal Grant out of state,,Legendary for composition and electronic music (TIMARA); double degree possible.,https://www.oberlin.edu/conservatory/admissions,inferred
Eastman School of Music (Rochester),USA,Rochester NY,private,BM Composition,Common App + Eastman supplement,Typically Dec 1 (confirm),"Portfolio prescreen, then interview.",Fall 2027,English,~90k sticker,FAFSA + CSS Profile; no Cal Grant,,Consistently ranked among the top US composition programs.,https://www.esm.rochester.edu/admissions/,inferred
Berklee College of Music,USA,Boston MA,private,BM Composition; Film Scoring; Video Game Scoring; Songwriting,Berklee application + audition/interview,"EA ~Nov 1, regular ~Jan 15 (confirm)",Audition and interview; composition majors declared after entering.,Fall 2027,English,~80k sticker,FAFSA; no Cal Grant,,"Best for contemporary, film and game scoring paths.",https://college.berklee.edu/admissions,inferred
University of Cincinnati CCM,USA,Cincinnati OH,public,BM Composition,Common App + CCM prescreen,Typically Dec 1 (confirm),"Portfolio, then interview.",Fall 2027,English,~50k out-of-state COA; CCM talent awards,FAFSA; no Cal Grant,,Public conservatory with conservatory-level composition training.,https://ccm.uc.edu/admissions-aid.html,inferred
Arizona State University,USA,Tempe AZ,public,BM Music Composition,ASU application + music application,Rolling; music app usually early Dec (confirm),Portfolio + interview.,Fall 2027,English,~50k out-of-state COA; automatic merit for strong GPAs,FAFSA; no Cal Grant,,"Big, affordable-with-merit public school with composition and media/film tracks.",https://music.asu.edu/admissions,inferred
Puerto Rico Conservatory of Music (CMPR),USA (Puerto Rico),San Juan PR,public,"Bachelor of Music, Composition","CMPR application (US territory, no visa)",2026-12-11 ($75 fee),Composition portfolio; auditions 2027-02-05/06; theory and dictation exam 2027-02-19.,Fall 2027,Spanish (mostly),Low tuition compared with mainland; confirm non-resident rate,"FAFSA, Pell and federal loans work; no Cal Grant",No visa or passport issues (US citizen). Strong Spanish needed for classes.,Spanish-language conservatory with full US federal aid; easiest abroad-style option.,https://cmpr.edu/en/admisiones/,verified
Real Conservatorio Superior de Música de Madrid (RCSMM),Spain,Madrid,public,"Título Superior de Música, especialidad Composición (4 years, 240 ECTS)",Apply directly + prueba de acceso (Comunidad de Madrid),Spring 2027 sign-up; exams May-June 2027 (confirm dates),"Specific entrance exam in person: composition portfolio, harmony/counterpoint, analysis, piano. In Spanish.",Fall 2027 (Sept),Spanish,"Full price 12,966 EUR for 60 ECTS, cut 85-95% by subsidy (~650-1,950 EUR); confirm if subsidy covers non-EU students",No Pell or Cal Grant; federal loans only if school is on the FSA foreign list (not confirmed),"US diploma homologated to Bachiller (Ministerio de Educacion; start early); Spanish student visa (Los Angeles consulate) with proof of funds, health insurance, background check if 18+; trip to Madrid for exam.","Spain's flagship conservatory, very low cost, deep classical composition training.",https://rcsmm.eu,partly verified
Musikene (Basque Country Higher School of Music),Spain,San Sebastian,public,"Título Superior de Música, Composición",Apply directly + prueba de acceso,"Sign-up roughly mid-March to mid-May; exams early-mid June (2026 cycle: Mar 15-May 15, June 8-19)",Specific entrance exam; 80 EUR fee per specialty.,Fall 2027 (Sept),Spanish and Basque,Low public fees (confirm),Same as RCSMM,"Same as RCSMM: homologated diploma, student visa, trip for June exam.","Modern, well-funded conservatory in a beautiful city; smaller than Madrid.",https://musikene.eus,partly verified
UNAM Facultad de Musica,Mexico,Mexico City,public,Licenciatura en Composicion,Convocatoria for aspirantes externos (FaM ventanilla virtual),"Registration ~Feb 2027; music aptitude exam ~Mar; area exam from ~May; results ~late June (2026 cycle: Feb 9-13, Mar 21, May 4, Jun 22)","External applicants (aspirantes externos): 3 compositions (one traditional form, one free, one either), 30-min public recital where 2 are performed, plus theory/aural exams. Most students enter via UNAM's own 3-year propedeutico, so external spots are few. Foreign applicants email documents in late Feb.",Fall 2027 (August),Spanish,Very low tuition; confirm fees for foreign students,No US aid in practice,"Revalidation of US high school diploma (SEP/UNAM), apostilled documents, Mexican student visa (residente temporal estudiante), in-person exam in Mexico City.","Mexico's top music school, nearly free, with a strong composition faculty.",https://www.fam.unam.mx,partly verified
Pontificia Universidad Javeriana,Colombia,Bogota,private,"Estudios Musicales, Enfasis en Composicion (9 semesters)",Direct application,Second-semester (August) intake; apply roughly spring 2027 (confirm),"2 original compositions, instrument audition, interview, aural/rhythm aptitude test.",Fall 2027 (August) or Jan 2028,Spanish,"Private tuition, roughly 7-9k/yr (inferred; confirm)",No US aid unless on FSA foreign list (not confirmed),"Apostilled diploma, Saber 11 or accepted equivalent (ask if SAT counts), Colombian student visa, international health insurance.",Respected private music program with a real composition track and an August start that matches fall.,https://www.javeriana.edu.co/carrera-estudios-musicales,partly verified
Universidad de Chile,Chile,Santiago,public,"Licenciatura en Artes, mencion Composicion Musical (6 years)",Chile's national admission (PAES) + prueba especial,PAES and special exam late 2027 for March 2028 start,Special exam (50% of score) plus PAES tests; 3 seats reserved for students with foreign secondary studies.,March 2028 (Chile school year starts in March),Spanish,"Public but with tuition, roughly 6-7k/yr (inferred; confirm)",No US aid in practice,"Apostilled diploma, PAES taken in Chile, Chilean student visa; would mean a gap semester after graduation.",Chile's top public composition program; long (6 years) but deep.,https://uchile.cl/carreras/57017/composicion-musical,partly verified
Universidad Nacional de las Artes (UNA),Argentina,Buenos Aires,public,"Licenciatura en Artes Musicales, orientacion Composicion","Sign up for CINO (intro leveling cycle), then enroll",CINO info sessions in September; sign-up late 2027 for March 2028 start (inferred),"Pass the CINO leveling cycle (music theory, ear training).",March 2028,Spanish,"Free tuition for undergrads (a proposal to charge non-resident foreigners is pending, not law)",No US aid,"Apostilled and legalized diploma (convalidation), Argentine student residence/DNI, living costs only.",Free tuition in one of the great music cities of the Spanish-speaking world.,https://una.edu.ar,partly verified
Conservatorio Nacional de Musica (INBAL),Mexico,Mexico City,public,Licenciatura en Composicion,INBAL admission call (sgeia.inba.gob.mx),"Call usually opens in spring; results early August (2026: notified Aug 5-7, registration Aug 17-19)",Entrance exams and portfolio; very few first-year spots (2 admitted to Composition in 2026).,Fall 2027 (August),Spanish,Nearly free (federal public school),No US aid,"Same as UNAM: revalidated diploma, apostilled documents, Mexican student visa, in-person exams in Mexico City.",Mexico's historic national conservatory; tiny composition intake makes it a reach.,https://sgeia.inba.gob.mx,partly verified
Universidad Autonoma de Nuevo Leon (UANL) Facultad de Musica,Mexico,Monterrey,public,"Licenciatura en Musica, acentuacion en Composicion",UANL application + music exam + EXANI-II,Register mid-March to late April; music exams mid-April; EXANI-II late May; results late June (2026 cycle),"Music exams (solfege, history, harmony, counterpoint, instrument); composition needs piano skills; one-week prep course in late July.",Fall 2027 (August),Spanish,"Very low: about 11,000 MXN (~600 USD) in first-year fees (2026)",No US aid,"Revalidated diploma, apostilled documents, Mexican student visa; exams in Monterrey. Closest to the US border.","Big public university with a clear composition track, a schedule that lines up with fall, and low cost.",https://famus.uanl.mx,verified
TAI School of Arts (Universidad Rey Juan Carlos degree),Spain,Madrid,private,"Grado Oficial en Composicion de Musicas Contemporaneas (4 years, 240 ECTS)",Direct application + TAI access test; Spanish university entry (PAU) or equivalent,"Rolling, usually spring-summer (confirm)","Specific access test; covers contemporary classical, jazz and composition for film and media.",Fall 2027 (Sept),Spanish,"Private, roughly 10-13k EUR/yr (inferred; confirm)",No US aid unless on the FSA foreign list (not confirmed),"US diploma accredited for Spanish university entry (UNEDasiss), student visa. A university degree, so the route differs from conservatories.","Best Spain fit if Cian leans toward film, media or contemporary styles.",https://www.escuela-tai.com,partly verified
Conservatorio Superior de Musica de Castilla y Leon (COSCYL),Spain,Salamanca,public,"Grado en Ensenanzas Artisticas Superiores de Musica, Composicion",Regional application + prueba de acceso,"Apply ~mid-May to early June; exams mid-late June; September round if seats remain (2026: May 12-Jun 8, exams Jun 16-26)",Specific entrance exam for Composition.,Fall 2027 (Sept),Spanish,Low public fees (confirm),Same as RCSMM,"Same as RCSMM; can apply while diploma recognition is pending, with the application receipt.","Salamanca is a classic student city, cheaper than Madrid, with a full composition program.",https://coscyl.com,partly verified
Conservatorio Superior de Musica de Valencia (Joaquin Rodrigo),Spain,Valencia,public,"Titulo/Grado Superior de Musica, Composicion",Regional application + prueba de acceso,Spring sign-up; June exams (confirm),Specific entrance exam for Composition.,Fall 2027 (Sept),Spanish and Valencian,Low public fees (confirm),Same as RCSMM,Same as RCSMM.,Valencia has one of Spain's strongest band and orchestral cultures; some classes may be in Valencian.,https://csmvalencia.es,inferred
