name,type,amount,deadline,eligibility,link,apply_link,applies_to,notes,verified
Music Center Spotlight (Los Angeles),music_competition,"Share of $100,000+ in scholarships; free to enter",2026-10-12,"Southern California high school students. Categories: classical instrumental, contemporary instrumental, classical voice, non-classical voice, acting, dance, ballet. No composition category.",https://www.musiccenter.org/spotlight,https://www.musiccenter.org/spotlight,outside,"URGENT: closes Monday Oct 12. Only worth it if Cian performs on an instrument or voice; Fresno State already expects an instrument audition, so he likely has one. Free, local, no GPA. Deadline confirmed by Beverly Press article (Aug 2026).",blocked (site refuses automated checks; open in a browser)
ASCAP Foundation Morton Gould Young Composer Awards,music_competition,"$500 to $5,000",2027-02-07,"Composers age 13 to under 30 on the deadline; US citizen or permanent resident. No entry fee, ASCAP membership not needed.",https://www.ascapfoundation.org/programs/awards/young-composer-awards,https://www.ascapfoundation.org/programs/awards/young-composer-awards,outside,"Best single fit: free, composition only, no GPA. One score plus recording. Deadline from a third-party listing (thecollegeinvestor.com); confirm on ASCAP's page. ASCAP also runs Herb Alpert Young Jazz Composer Awards if he writes jazz.",blocked (site refuses automated checks; open in a browser)
BMI Student Composer Awards,music_competition,"Share of $20,000 per year",2027 date not posted yet (2026 deadline was 2026-01-15),Composers under 28; US/Western Hemisphere citizens or residents enrolled in school or studying privately.,https://www.bmifoundation.org/programs/info/bmi_student_composer_awards,https://www.bmifoundation.org/programs/info/bmi_student_composer_awards,outside,"Very competitive (open to grad students too), but free and composition-only. Watch for the 2027 call in late fall.",yes (2026-10-07)
"NFMC Junior Composers Contest, Class IV (ages 16-18)",music_competition,"$300 1st, $200 2nd, $150 3rd, four $150 incentives, plus $250 string and $150 piano special awards",2027-02-01,Under 19 by March 1; US citizen; needs NFMC junior membership (individual or through a club). $5 plus state fee.,https://www.nfmc-music.org/competitionscategory/junior-composers-awards/,https://forms.nfmc-music.org/,outside,"Small money, but realistic odds and a good resume line for college applications. Rules PDF linked from the page.",yes (2026-10-07)
NFMC Lynn Freeman Olson Composition Award (High School),music_competition,"$1,500",2027-03-01,"Grades 10-12; US citizen; NFMC membership. Runs only in odd years, so 2027 is a live year.",https://www.nfmc-music.org/wp-content/uploads/2017/03/Complete-C-A-Chart-as-of-080626.pdf,https://forms.nfmc-music.org/,outside,Good fit. Amount and deadline from NFMC's Aug 2026 awards chart.,yes (2026-10-07)
NFMC Michael R. Edwards Graduating Senior Performance Award,music_competition,"$5,000",2027-05-01,Graduating high school seniors who will major in music; performance (not composition); $20 fee; NFMC membership.,https://www.nfmc-music.org/wp-content/uploads/2017/03/Complete-C-A-Chart-as-of-080626.pdf,https://forms.nfmc-music.org/,outside,Only if he performs at a strong level on his instrument.,yes (2026-10-07)
SCI/ASCAP Student Composition Commission Competition,music_competition,"$1,000 (Undergraduate & High School Division)",Check current cycle (past deadlines were May 1),SCI student member; high schoolers eligible if studying privately with a professional composer.,https://wp.societyofcomposers.org/students/ascap/,https://wp.societyofcomposers.org/students/ascap/,outside,Page shows a 2020 deadline; email the coordinator before relying on it. More useful once he is in college.,yes (2026-10-07)
YoungArts National Arts Competition,music_competition,"$250 to $10,000",Closed 2026-10-06,Ages 15-18 or grades 10-12.,https://youngarts.org/apply/,https://youngarts.org/apply/,outside,Missed for this cycle (closed yesterday). Listed so nobody chases it.,yes (2026-10-07)
MTNA Senior Composition Competition,music_competition,"$2,000 / $1,000 / $500",Closed 2026-09-09,Ages 15-18; teacher must be an MTNA member; $100 fee.,https://www.mtna.org/Composition_Guidelines.html,https://www.mtna.org/Composition_Guidelines.html,outside,Missed for this cycle. Not available after high school.,yes (2026-10-07)
National Young Composers Challenge,music_competition,"$1,000 orchestral / $500 ensemble plus professional recording",Closed 2026-10-01,"Ages 13-18, US residents, free.",https://youngcomposerschallenge.org/guidelines.php,https://youngcomposerschallenge.org/submission_registration.php,outside,Missed for this cycle.,yes (2026-10-07)
USC Merit Scholarships (incl. Thornton),school_merit,"A few thousand dollars up to full tuition; 1,000+ students got $10k+/yr last year",2026-12-01 (complete application),Admitted USC applicants who apply by Dec 1; Thornton portfolio counts toward consideration.,https://music.usc.edu/admission/finaid/,https://admission.usc.edu/cost-and-financial-aid/scholarships/,USC Thornton,"Dec 1 is the same as the Thornton composition deadline, so applying on time is the whole application. Odds are low at a 3.4 for the big academic awards; a strong portfolio is his real lever.",yes (2026-10-07)
Chapman University merit + Hall-Musco Conservatory music scholarship,school_music_talent,"Merit up to $42,000/yr; music talent awards extra (stackable)",EA 2026-11-01; RD 2027-01-15,All admitted applicants considered automatically; music awards come from the Creative Supplement and audition. Music award renewal needs a 3.0 Chapman GPA.,https://www.chapman.edu/students/tuition-and-aid/financial-aid/undergraduate/scholarships-and-grants/institutional-awards.aspx,https://www.chapman.edu/admission/undergraduate/financing/music-scholarship.aspx,Chapman University,One of the best bets: merit is automatic and music talent awards stack with it. Apply Early Action for best money.,yes (2026-10-07)
University of Redlands Achievement Award + Conservatory Music Award,school_music_talent,"Achievement Award up to $37,000/yr; Music Award up to $10,000/yr",EA1 2026-11-01; EA2 2026-12-01; RD 2027-01-15; music rolling,All applicants considered for Achievement Award. Music Award needs a separate Conservatory application and audition. Renewal needs a 3.0 GPA.,https://redlands.edu/study/schools-and-centers/music/music-admissions/undergraduate-studies/scholarships,https://www.redlands.edu/admissions-and-aid/first-year/types-of-financial-aid/scholarships/,University of Redlands,Strong fit for a 3.4 student: Redlands discounts heavily. Apply to the Conservatory at the same time as the university.,yes (2026-10-07)
University of the Pacific Academic Merit + Conservatory Merit,school_music_talent,"Academic merit $10,000-$30,000/yr; Conservatory merit additional",Not posted; apply by Pacific's admission deadline,Admitted students considered automatically; no FAFSA needed for merit. Conservatory merit based on audition/interview.,https://www.admissions.pacific.edu/music/admission/music-scholarships,https://www.pacific.edu/financial-aid/scholarships,University of the Pacific,"Good fit; merit is holistic, not a hard GPA cutoff. Pacific also has an application fee waiver request form.",yes (2026-10-07)
CalArts Merit Scholarship,school_music_talent,"From $10,000/yr, renewable",Admission deadline (portfolio),"All admitted students considered; based on portfolio, not grades.",https://calarts.edu/admissions-aid/financial-aid/aid-undergraduate-students/scholarships-and-grants-undergraduate,https://calarts.edu/admissions-aid/financial-aid/aid-undergraduate-students/scholarships-and-grants-undergraduate,CalArts,"Portfolio-driven, so his GPA matters little here.",yes (2026-10-07)
Berklee merit / full-tuition scholarships,school_music_talent,Partial up to full tuition; Presidential covers full cost (very few),Admission deadlines,All applicants considered automatically from audition and interview; composition materials can be included.,https://www.berklee.edu/scholarships,https://www.berklee.edu/scholarships,Berklee College of Music,"Audition-driven, no GPA lever.",yes (2026-10-07)
University of Cincinnati CCM talent + National Outreach Award,school_music_talent,"National Outreach $10,000/yr (out-of-state); Cincinnatus avg ~$2,000/yr; CCM talent awards cover tuition portions",2026-11-01 to be safe (UC admissions page says Nov 1; CCM page says Dec 1),CCM applicants auto-considered for talent awards from prescreen/audition; National Outreach for non-OH/IN/KY freshmen.,https://ccm.uc.edu/chance2perform.html,https://admissions.uc.edu/tuition-aid/scholarships/cincinnatus.html,University of Cincinnati CCM,"The two UC Cincinnati pages disagree on the academic-award deadline, so treat Nov 1 as the real one.",yes (2026-10-07)
Oberlin Conservatory Dean's Award + Oberlin Commitment Scholarship,school_music_talent,"Commitment $10,000/yr for all enrolling; Dean's Award varies",Admission deadlines,All admitted conservatory students reviewed automatically; Dean's Award from audition and ensemble needs.,https://oberlin.edu/financial-aid/basics/scholarships-offered,https://oberlin.edu/financial-aid/basics/scholarships-offered,Oberlin Conservatory,Automatic.,yes (2026-10-07)
Eastman merit scholarships,school_music_talent,Varies; 'virtually all admitted undergraduates receive an award',FAFSA + CSS Profile by Feb 28 if you want need considered,Set at admission from application and audition.,https://www.esm.rochester.edu/financialaid/prospective-students-accordion/,https://www.esm.rochester.edu/financialaid/prospective-students-accordion/,Eastman School of Music (Rochester),Admission is the hard part; aid follows.,yes (2026-10-07)
ASU New American University Scholarship (nonresident),school_merit,"Example on ASU's page: $10,000/yr Academic Achievement for nonresidents",Automatic with admission,Awarded at admission based on academics; renewal needs 3.0.,https://admission.asu.edu/academic-achievement,https://admission.asu.edu/academic-achievement,Arizona State University,A 3.4 should land a mid-tier award; ASU does not publish the GPA grid on this page.,yes (2026-10-07)
CSULB Bob Cole Conservatory scholarships,school_music_talent,"40+ named awards, $400,000+/yr, partial to full tuition","Beach Scholarships portal, fall awards apply Jan-Mar 2027",Entrance audition doubles as scholarship audition; also submit the Beach Scholarship application and FAFSA.,https://web.csulb.edu/colleges/cota/music/prospective-students/scholarship-information.php,https://csulb.academicworks.com/,CSU Long Beach,Most realistic CSU music money. Some awards need a FAFSA on file even if not need-based.,yes (2026-10-07)
UCSB Department of Music audition scholarships,school_music_talent,Varies (a few awards per year),"Same as BM portfolio, 2027-01-10",Incoming music majors; awarded from audition results; no separate application.,https://music.ucsb.edu/apply/undergraduate/bachelor-music,https://music.ucsb.edu/apply/undergraduate/bachelor-music,UC Santa Barbara,Automatic with the BM application.,yes (2026-10-07)
CSUN Music Department scholarships,school_music_talent,"Varies (some $1,000+)",Not posted,Scholarship committee reviews admitted music majors; some named awards are for incoming freshmen (Dean's Recognition - Freshman).,https://csun.edu/mike-curb-arts-media-communication/music/advising-resources/scholarships,https://csun.edu/mike-curb-arts-media-communication/music/advising-resources/scholarships,CSU Northridge,Several listed awards also require need; ask the department which are merit-only.,yes (2026-10-07)
Fresno State Music Department scholarships,school_music_talent,Varies; most small (e.g. up to $500),University scholarship application (opens fall),Pass the entrance audition first; university application asks for financial need.,https://cah.fresnostate.edu/music/apply/scholarships.html,https://cah.fresnostate.edu/music/apply/scholarships.html,CSU Fresno,Low expected value for this family because need is part of the process.,yes (2026-10-07)
CSU Fullerton School of Music audition,school_music_talent,Not published,Composition portfolio 2027-01-10,Composition portfolio plus faculty interview.,https://www.fullerton.edu/arts/music/students/auditions/index.html,https://www.fullerton.edu/arts/music/students/auditions/index.html,CSU Fullerton,Page does not say whether undergrad auditions count for scholarships; ask at the interview.,yes (2026-10-07)
UCLA Herb Alpert School of Music scholarship,school_music_talent,Varies,Automatic from UCLA scholarship general application (after admission),"Based on academic excellence, financial need and intent to enroll.",https://ucla.academicworks.com/opportunities/129466,https://ucla.academicworks.com/,UCLA,"Portal opens only after admission. Need is a factor, so expect little.",yes (2026-10-07)
UCLA Alumni Scholarships,school_merit,"Merit $6,000-$20,000 over 4 years","Opens October, closes early March (2027 date not posted)","Merit for academic excellence, leadership and drive to create change.",https://alumni.ucla.edu/scholarships/,https://alumni.ucla.edu/scholarships/,UCLA,"The UC campus merit option most worth an essay. Alumni page says apply through UCLA's scholarship portal; the portal itself says admitted students only, so check in October.",yes (2026-10-07)
UC Regents' and Chancellor's Scholarship (Berkeley; other UCs similar),school_merit,"Minimum $2,500/yr if no need",Automatic; Berkeley interviews in March,Top applicants by holistic review.,https://financialaid.berkeley.edu/types-of-aid-at-berkeley/scholarships/regents-and-chancellors-scholarship/,https://financialaid.berkeley.edu/types-of-aid-at-berkeley/scholarships/regents-and-chancellors-scholarship/,UC Berkeley; UCLA; UCSB; UCI; UC Davis,"Candidly unlikely at a 3.4. UC aid is almost all need-based, so plan to pay full in-state cost at the UCs.",yes (2026-10-07)
California Middle Class Scholarship,state_aid,Varies; covers part of UC/CSU tuition,2027-03-02 (FAFSA or CADAA),"CA residents at UC/CSU; income and assets up to $250,000 (2026-27 limit).",https://www.csac.ca.gov/middle-class-scholarship,https://studentaid.gov/h/apply-for-aid/fafsa,UC and CSU schools,"Worth checking: no separate application, just the FAFSA. If family income and assets are under ~$250k it can pay real money even for families that get nothing else.",yes (2026-10-07)
Cal Grant A,state_aid,Tuition at UC/CSU; partial at CA privates,2027-03-02 (FAFSA + GPA Verification),"2026-27 income ceiling $144,700 for a dependent student in a family of four; assets under $111,900.",https://www.csac.ca.gov/cal-grants,https://studentaid.gov/h/apply-for-aid/fafsa,"UC, CSU, CA private colleges",Probably out of reach for a higher-income family. Ceilings from Santa Ana College's CSAC summary PDF.,yes (2026-10-07)
Elks National Foundation Most Valuable Student,general_merit,"$1,000-$7,500/yr; 480 runners-up get $4,000",2026-11-12,"High school seniors, US citizens; judged on scholarship, leadership and financial need.",https://www.elks.org/scholars/scholarships/mvs.cfm,https://www.elks.org/scholars/scholarships/mvs.cfm,outside,"Long shot because need counts, but leadership and essays carry weight.",yes (2026-10-07)
Coca-Cola Scholars,general_merit,"$20,000",Closed 2026-09-30,Seniors with 3.0+ GPA.,https://www.coca-colascholarsfoundation.org/apply/,https://www.coca-colascholarsfoundation.org/apply/,outside,Missed for this cycle.,yes (2026-10-07)
UC application fee waiver,fee_waiver,Waives fee for up to 4 UC campuses,2026-11-30 (with UC application),"Income-based, checked inside the UC application.",https://undoc.universityofcalifornia.edu/applying-to-uc.html,https://apply.universityofcalifornia.edu/,UC Berkeley; UCLA; UCSB; UCI; UC Davis,Unlikely to qualify at this income. Budget about $80 per UC campus.,yes (2026-10-07)
CSU application fee waiver,fee_waiver,Waives fee for up to 4 CSU campuses,2026-11-30 (with Cal State Apply),Income-based (AGI) inside Cal State Apply.,https://calstate.edu/apply/paying-for-college/Pages/fee-waiver.aspx,https://www.calstate.edu/apply,CSU Fresno; CSU Long Beach; CSU Northridge; CSU Fullerton,Unlikely to qualify at this income.,yes (2026-10-07)
University of the Pacific application fee waiver,fee_waiver,Waives application fee,With application,"Significant financial hardship, McNair Scholars, or recent Pacific graduates.",https://www.pacific.edu/sites/default/files/users/user277/Application_Fee_Waiver_Request_Form.pdf,https://www.pacific.edu/sites/default/files/users/user277/Application_Fee_Waiver_Request_Form.pdf,University of the Pacific,"Cian likely will not qualify. Many privates waive fees for campus visitors or early applicants, so ask each admissions office.",yes (2026-10-07)
BigFuture Scholarship Search (College Board),search_site,Free,Ongoing,Anyone.,https://bigfuture.collegeboard.org/scholarships,https://bigfuture.collegeboard.org/scholarships,outside,"Reputable, filter by major = music. Its no-essay monthly drawings are pure luck.",yes (2026-10-07)
Fastweb,search_site,Free,Ongoing,Anyone.,https://www.fastweb.com/,https://www.fastweb.com/,outside,Free and long-running. Use a separate email; expect marketing.,yes (2026-10-07)
Scholarships.com,search_site,Free,Ongoing,Anyone.,https://www.scholarships.com/,https://www.scholarships.com/,outside,Free; good music and California filters.,yes (2026-10-07)
Going Merry,search_site,Free,Ongoing,Anyone.,https://www.goingmerry.com/,https://www.goingmerry.com/,outside,Free; lets him apply to several at once.,yes (2026-10-07)
CareerOneStop Scholarship Finder (US Dept. of Labor),search_site,Free,Ongoing,Anyone.,https://www.careeronestop.org/Toolkit/Training/find-scholarships.aspx,https://www.careeronestop.org/Toolkit/Training/find-scholarships.aspx,outside,"Government-run, no ads, 9,000+ listings.",blocked (site refuses automated checks; open in a browser)
Venice High scholarship bulletin (Naviance),search_site,Free,Ongoing,Venice High students.,https://student.naviance.com/,https://student.naviance.com/,outside,"Local awards (Rotary, Kiwanis, PTA, credit unions) have the best odds because few students apply. Ask the counselor for the list.",not checked (login page)
FTC: how to avoid scholarship scams,avoid,n/a,n/a,n/a,https://consumer.ftc.gov/articles/how-avoid-scholarship-and-financial-aid-scams,https://consumer.ftc.gov/articles/how-avoid-scholarship-and-financial-aid-scams,outside,Never pay to apply or to 'hold' an award; no 'guaranteed' scholarships; ignore 'you are a finalist' for things he didn't enter; skip paid search services and high-pressure seminars.,yes (2026-10-07)
Federal Student Aid: avoiding scams,avoid,n/a,n/a,n/a,https://studentaid.gov/resources/scams,https://studentaid.gov/resources/scams,outside,The FAFSA is always free at studentaid.gov; any site charging to file it is a scam.,yes (page loads; content is JavaScript)
