school,city,state,type,degree_for_composition,program_link,admissions_link,aid_link,app_route,app_deadline,music_requirement,music_deadline,cost,us_aid,language,entry,confidence,unconfirmed
UCLA,Los Angeles,CA,public,BA Music Composition,https://schoolofmusic.ucla.edu/admissions/undergraduate/composition/,https://schoolofmusic.ucla.edu/admissions/undergraduate/composition/,https://financialaid.ucla.edu/,"UC Application, with Music Composition as first-choice major (UCLA does not consider alternate majors), plus School of Music supplemental application on Acceptd.",2026-11-30,"Acceptd supplement with personal statement, transcripts, two teacher contacts, and a portfolio of 3-5 scores with recordings (at least three live, not MIDI). Prescreened applicants are invited to faculty interviews in late January.",2026-12-04,~$45.5k/yr CA resident on campus (2026-27 new students),"FAFSA or CADAA (UCLA priority deadline March 2, 2027), Cal Grant, UC need-based grants; no CSS Profile.",English,Fall 2027,verified,UCLA's financial aid home page doesn't link a net price calculator; the UC-wide aid estimator is an alternative.
UC Berkeley,Berkeley,CA,public,BA Music (College of Letters and Science),https://music.berkeley.edu/academics/undergraduate-studies,https://admissions.berkeley.edu/,https://financialaid.berkeley.edu/how-aid-works/estimate-your-financial-aid/,"UC Application to the College of Letters and Science; students admitted to the College, not to the Music department.",2026-11-30,No audition or recordings are required for admission. Composition work happens within the BA after entry.,,~$54.7k/yr CA resident in residence hall (2026-27 new students),"FAFSA or CADAA, Cal Grant, UC need-based grants and Berkeley scholarships; no CSS Profile.",English,Fall 2027,verified,Berkeley has no music-specific admissions page; admissions_link is the campus undergraduate admissions home.
UC Santa Barbara,Santa Barbara,CA,public,BM Composition,https://music.ucsb.edu/apply/undergraduate/bachelor-music/fall-entrance-audition-information,https://music.ucsb.edu/apply/undergraduate/bachelor-music/fall-entrance-audition-information,https://www.finaid.ucsb.edu/costs-estimated-aid/net-price-calculator,UC Application plus the Music Department Audition Day Interest Form for Fall 2027.,2026-11-30,"Composition portfolio with a statement of objective, three works (PDF score plus recording each), and a complete list of works.",2027-01-10,~$51k/yr CA resident in residence hall (2026-27 sample budget),"FAFSA or CADAA (priority March 2), Cal Grant, UC need-based grants; no CSS Profile.",English,Fall 2027,verified,"Audition Day is January 30, 2027; the composition portfolio may be all that's required, without a live audition."
UC Irvine,Irvine,CA,public,"BA Music, Integrated Composition, Improvisation, and Technology (ICIT) emphasis",https://www.arts.uci.edu/music/programs/ba,https://www.arts.uci.edu/faq/how-do-i-apply-music-major-undergraduate-applicant,https://www.ofas.uci.edu/cost/net-price-calculator.php,"UC Application, indicating music as the major; the separate Music Audition Application is only for the BMus.",2026-11-30,No audition is required for the BA in Music. Students choose the ICIT emphasis within the major.,,~$45k/yr CA resident on campus (2026-27 new students),"FAFSA or CADAA, Cal Grant, UC need-based grants; no CSS Profile.",English,Fall 2027,verified,"The BA page says to apply to UC 'by December 2', which looks like an older cycle; the standard UC filing period ends Nov 30, 2026."
UC Davis,Davis,CA,public,"BA Music, composition track",https://arts.ucdavis.edu/undergraduate-music-programs,https://www.ucdavis.edu/majors/music,https://financialaid.ucdavis.edu/,"UC Application to the College of Letters and Science, Music major.",2026-11-30,"No audition or music-specific admission requirement is listed. Composition is one of four tracks chosen in upper division, with a composition senior project.",,~$49k/yr CA resident in residence hall (2026-27 new students),"FAFSA or CADAA, Cal Grant, UC need-based grants; no CSS Profile.",English,Fall 2027,verified,UC Davis's aid home links the UC-wide aid estimator rather than its own net price calculator.
UC San Diego,La Jolla (San Diego),CA,public,"BA Music, Composition emphasis",https://music-cms.ucsd.edu/ugrad/music-major.html,https://music-cms.ucsd.edu/ugrad/undergrad-admissions.html,https://fas.ucsd.edu/,"UC Application selecting the Music major, plus an optional SlideRoom portfolio and a required statement of interest of 500 words or fewer.",2026-11-30,No live audition. The optional but highly recommended SlideRoom portfolio for composition is 2 items (scores or audio/video of original works).,SlideRoom portfolio Dec 8 (2025 cycle; confirm),~$45k/yr CA resident on campus (Fall 2025 cohort figures),"FAFSA or CADAA, Cal Grant, UC need-based grants; no CSS Profile.",English,Fall 2027,partly verified,"The music admissions page still shows 2025-cycle dates (SlideRoom Oct 1 - Dec 8, 2025). The cost page showed only the Fall 2025 cohort, and no UCSD-specific net price calculator link was found."
UC Santa Cruz,Santa Cruz,CA,public,"BA Music, Compositional Practices concentration",https://catalog.ucsc.edu/en/current/general-catalog/academic-units/arts-division/music/music-ba,https://admissions.ucsc.edu/programs/music,https://financialaid.ucsc.edu/aid-resources/financial-aid-calculator/,UC Application; students declare the Music major after completing MUSC 14 or 30A with a C or better.,2026-11-30,"No audition for the BA. Entering students take a Theory Placement Exam the week before fall classes. The BM is performance-only, with an audition after enrolling.",,~$48.5k/yr CA resident on campus (2026-27 new students),"FAFSA or CADAA (state priority deadline March 2, 2027), Cal Grant, UC need-based grants; no CSS Profile.",English,Fall 2027,verified,The 2026-27 catalog has no composition concentration in the BM; composition is the BA's Compositional Practices concentration.
CSU Fresno,Fresno,CA,public,B.M. in Composition,https://cah.fresnostate.edu/music/degrees-programs/undergraduate/theory-composition.html,https://cah.fresnostate.edu/music/apply/auditions.html,https://studentaffairs.fresnostate.edu/financialaid/netprice/index.html,"Cal State Apply, plus School of Music audition registration form.",2026-11-30,Audition on primary instrument/voice plus composition interview; portfolio of three scores (PDF) with one recording each.,Audition days 2027-02-13 or 2027-02-27; register via the School of Music audition form (no separate portfolio deadline listed).,"~$29k/yr CA resident on campus (2026-27 COA $28,720; tuition $6,838)","FAFSA (or CA Dream Act), Cal Grant, State University Grant, music scholarships; no CSS Profile.",English,Fall 2027,verified,Net price calculator link taken from the financial aid homepage menu; page itself not opened.
CSU Long Beach,Long Beach,CA,public,"Bachelor of Music, Option in Composition",https://web.csulb.edu/colleges/cota/music/areas/composition-studies/,https://web.csulb.edu/colleges/cota/music/prospective-students/undergraduate-admissions.php,https://www.csulb.edu/financial-aid-and-scholarships,"Cal State Apply, plus separate Conservatory application form.",2026-11-30,Prescreen portfolio of 2-3 recent original works (at least one notated) with recordings and a works list; selected applicants get an in-person audition.,2027-01-10,"~$34k/yr CA resident on campus (2026-27 COA $34,462; tuition $6,838)","FAFSA (or CA Dream Act), Cal Grant, State University Grant, Conservatory scholarships; no CSS Profile.",English,Fall 2027,verified,"In-person audition days (Feb 6, 13, 20, 2027) are listed for all areas; page does not give composition-specific dates."
CSU Northridge,Northridge (Los Angeles),CA,public,B.M. in Composition,https://www.csun.edu/mike-curb-arts-media-communication/music/programs/composition,https://csun.edu/mike-curb-arts-media-communication/music/prospective-students/audition-placement/composition,https://www.csun.edu/financialaid,Cal State Apply; music audition application link is emailed after applying to CSUN.,2026-11-30,"Instrument/voice audition plus interview with composition director; portfolio of 1-2 works with recordings, short bio and references.",,"~$29k/yr CA resident on campus (2026-27 COA $29,484; tuition and fees $8,328)","FAFSA (or CA Dream Act), Cal Grant, State University Grant, music scholarships; no CSS Profile.",English,Fall 2027,verified,Composition page lists no audition or portfolio deadline; confirm with Prof. Liviu Marinescu.
CSU Fullerton,Fullerton,CA,public,"B.M. in Music, Composition",https://www.fullerton.edu/college-of-arts/music/,https://www.fullerton.edu/arts/music/students/auditions/index.html,https://www.fullerton.edu/financialaid/,"Cal State Apply, plus School of Music portfolio application (emailed).",2026-11-30,"Portfolio of 1-2 scores (at least one recorded), works list, 5-minute solo performance video and 500-word artist statement; then virtual interview.",2027-01-10,"~$36k/yr CA resident on campus (2026-27 COA $36,148; tuition $6,838)","FAFSA (or CA Dream Act), Cal Grant, State University Grant, music scholarships; no CSS Profile.",English,Fall 2027,verified,No dedicated composition program page found (old areas-of-study page is 404); program_link is the School of Music degree list. Composer-Performer track also needs a separate instrument audition.
San Diego State,San Diego,CA,public,B.M. in Composition (program page calls it Global Composition),https://music.sdsu.edu/music-program/composition-technology,https://music.sdsu.edu/admission/repertoire-composition,https://sacd.sdsu.edu/financial-aid,"Cal State Apply, plus SDSU Music Audition Form (register by 2027-01-15); portfolio via Interfolio.",2026-11-30,"Portfolio of three scores with audio/MIDI (one for large ensemble), two recommendation letters, transcript, and one-page artistic practice and process statements.",2027-02-01,"~$36k/yr CA resident on campus (2026-27 COA $36,432; tuition $6,838)","FAFSA (or CA Dream Act), Cal Grant, State University Grant, music scholarships; no CSS Profile.",English,Fall 2027,partly verified,"Composition-technology page lists a different portfolio (four excerpts, 3 letters, statement of purpose) and a 'February 15' deadline; the admission pages say Feb 1, 2027. Confirm with Dr. Kevin Day."
San Francisco State,San Francisco,CA,public,Bachelor of Music: Concentration in Composition,https://music.sfsu.edu/composition,https://music.sfsu.edu/online-auditions,https://financialaid.sfsu.edu/,"Cal State Apply, plus School of Music audition form and portfolio submission form.",2026-11-30,"Composition portfolio of composed and/or recorded work, shared as a link through the School of Music submission form; no further specs given.",Rolling (no deadline posted; confirm),"~$38k/yr CA resident on campus (2026-27 COA $38,238; tuition $6,838)","FAFSA (or CA Dream Act), Cal Grant, State University Grant, music scholarships (auditioners are auto-considered); no CSS Profile.",English,Fall 2027,partly verified,Audition page appears dated (mentions Fall 2020) and gives no deadline; the 'Composition and Scoring Auditions' page returned an error. Email music@sfsu.edu for current dates.
San Jose State,San Jose,CA,public,B.M. in Composition,https://www.sjsu.edu/music/about-us/departments/composition/index.php,https://www.sjsu.edu/music/admissions/entrance-auditions/audition-portfolio-req.php,https://www.sjsu.edu/faso/,"Cal State Apply, plus School of Music entrance audition (scheduled by email).",2026-11-30,"Portfolio of 2-3 original works (PDF scores and MP3s) sent to Dr. Pablo Furman, plus an audition on primary instrument or voice.","Feb 6, 2027 (video audition deadline and first on-campus audition day; page heading says Fall 2026 entry, confirm)","~$38k/yr CA resident on campus (2026-27 COA $37,735; tuition $9,553)","FAFSA (or CA Dream Act), Cal Grant, State University Grant, music scholarships; no CSS Profile.",English,Fall 2027,partly verified,"Audition page lists Feb 6 and Feb 20, 2027 under a 'Fall 2026' heading; no portfolio deadline stated. Contact musicrecruitment@sjsu.edu."
University of Michigan,Ann Arbor,MI,public,BM in Composition,https://smtd.umich.edu/degree/bachelor-of-music-in-composition/,https://smtd.umich.edu/admissions/undergraduate/requirements-for-pre-screening-portfolios-auditions-interviews/,https://smtd.umich.edu/admissions/undergraduate/affording-your-education/,"Common App to U-M plus the SMTD Artistic Profile (admissions.smtd.umich.edu), where the portfolio and recordings are uploaded; there is no Early Action or Early Decision for SMTD.",2026-12-01,"Up to seven scores with recordings (MIDI is fine), a personal statement, and a recorded audition on his main instrument or voice. Selected applicants get an online interview and faculty group meeting.",2026-12-01,"~$88k/yr out-of-state on campus (2026-27 U-M estimate: $67k tuition and fees, $17k housing and food; based on LSA rates, SMTD may differ)",FAFSA and CSS Profile (both by Mar 1); SMTD talent scholarships for admitted students (also fill in My Scholarship Profile); no Cal Grant.,English,Fall 2027,verified,SMTD-specific tuition rate not checked; the cost uses U-M's general LSA nonresident budget.
Indiana University (Jacobs),Bloomington,IN,public,BM in Composition,https://music.indiana.edu/degrees-programs/areas-of-study/composition.html,https://music.indiana.edu/admissions/auditions/composition.html,https://music.indiana.edu/admissions/financial-aid-costs/index.html,"Common App or IU application to Indiana University, plus the Jacobs Supplemental Application, which is where the prescreen portfolio is uploaded.",2026-12-01,"Prescreen portfolio of 2-3 PDF scores, a list of works, and recordings (MIDI is acceptable). Selected applicants interview on Jan 29, Feb 5 or Feb 26, 2027, and he also chooses a performance-study option (400 level with an audition, or 100 level with none).",2026-12-01,"~$65k/yr out-of-state on campus (2026-27 Jacobs estimate: $45k tuition and fees, $14k housing and food)",FAFSA for need-based aid; automatic Jacobs merit and talent awards (decided mid-March); no CSS Profile mentioned; no Cal Grant.,English,Fall 2027,verified,"IU application has a Nov 1, 2026 preferred (Early Action) date; Dec 1 is the final deadline."
University of North Texas,Denton,TX,public,BM in Composition,https://music.unt.edu/composition/degrees-offered.html,https://music.unt.edu/composition/undergraduate-application-procedures.html,https://financialaid.unt.edu/undergraduate.html,"Common App or ApplyTexas to UNT, then the College of Music application on Acceptd (app.getacceptd.com/untmusic, $40 fee, three music recommenders).",2026-12-01,"Audition on his main instrument or voice, plus a faculty interview on the same day. A portfolio (2-3 scores, list of works, recordings or MIDI) is encouraged but not required.",2026-12-01,"~$43k/yr out-of-state on campus (2026-27: $25k nonresident tuition and fees, $12k housing and food; total computed from UNT's budget)",FAFSA; College of Music scholarships through the audition; no CSS Profile; no Cal Grant.,English,Fall 2027,partly verified,"Dec 1 is UNT's priority date for January/February live auditions (Nov 1 for December auditions). The final video-audition deadline for most areas is Feb 15, but UNT doesn't confirm it applies to composition. The total cost is computed, and UNT's music scholarship process was not checked."
University of Oregon,Eugene,OR,public,BMus in Music Composition,https://musicanddance.uoregon.edu/music-composition-undergraduate-program,https://musicanddance.uoregon.edu/admissions/undergraduate-music,https://financialaid.uoregon.edu/cost_of_attendance,"Common App or Oregon Application to UO, plus the SOMD online application (Qualtrics). A link to the SOMD Admissions File Upload page then arrives by email for the portfolio.",2027-01-15,"Portfolio of 2-5 original works (score plus live or MIDI recording) and a 100-500 word statement. With no portfolio, he can instead submit a video of two performances and answer three written questions.",2027-01-29,"~$71k/yr out-of-state on campus (2026-27 UO estimate: $47k tuition and fees, $18k housing and food)",FAFSA; SOMD music scholarships (offers emailed around Apr 1); no CSS Profile mentioned; no Cal Grant.,English,Fall 2027,verified,"UO Early Action is Nov 1, 2026 (optional); the SOMD application deadline is Jan 15, 2027, the same as UO Regular Decision."
USC Thornton,,,,,,https://music.usc.edu/admission/appreqs/composition-undergraduate/,https://music.usc.edu/admission/finaid/,,,,,,,,,,
Chapman University,,,,,,https://www.chapman.edu/admission/undergraduate/how-to-apply/creative-supplement.aspx,https://www.chapman.edu/admission/undergraduate/financing/index.aspx,,,,,,,,,,Creative Supplement page lists BM Composition materials; general music audition steps are at https://www.chapman.edu/copa/music/admission/index.aspx.
CalArts,,,,,,https://calarts.edu/apply/bfa-composition,https://calarts.edu/financial-aid/aid-undergraduate-students,,,,,,,,,,
San Francisco Conservatory of Music,,,,,,https://sfcm.edu/study/majors/composition/composition-auditions,https://sfcm.edu/study/apply/cost-financial-aid,,,,,,,,,,
University of the Pacific,,,,,,https://www.pacific.edu/music/admission,https://www.pacific.edu/financial-aid,,,,,,,,,,
University of Redlands,,,,,,https://www.redlands.edu/ug-music-audition-requirements,https://www.redlands.edu/admissions-and-aid/first-year/net-price-calculator,,,,,,,,,,
Oberlin Conservatory,,,,,,https://www.oberlin.edu/admissions-and-aid/conservatory/undergraduate-applicants,https://www.oberlin.edu/admissions-and-aid/financial-aid,,,,,,,,,,Page covers the Composition Supplement and interview; detailed portfolio contents are on the area audition-requirements pages (not checked).
Eastman School of Music (Rochester),,,,,,https://www.esm.rochester.edu/portfolio/composition/,https://www.esm.rochester.edu/financialaid/prospective/,,,,,,,,,,
Berklee College of Music,,,,,,https://college.berklee.edu/admissions/undergraduate,https://www.berklee.edu/financial-aid/net-price-calculator,,,,,,,,,,Admissions page is general undergraduate (audition + interview); no composition-specific portfolio page checked.
University of Cincinnati CCM,,,,,,https://www.ccm.uc.edu/admissions-and-aid/admissions/auditions.html,https://www.ccm.uc.edu/admissions-and-aid/financial-aid.html,,,,,,,,,,Prescreening page shows composition portfolio rules for MM/DMA and BA Composition Track; a BM Composition section was not seen in the part of the page read.
Arizona State University,,,,,,https://musicdancetheatre.asu.edu/admission/apply-music-major,https://tuition.asu.edu/,,,,,,,,,,
Puerto Rico Conservatory of Music (CMPR),,,,,,https://cmpr.edu/en/admisiones/requisitos/bachilleratos/,https://cmpr.edu/en/asistencia/,,,,,,,,,,Aid page content is in Spanish.
