school,system,degree_for_composition,app_platform,app_deadline,music_requirement,music_deadline,audition_or_interview_dates,aid_priority_deadline,program_link,notes,status
UCLA,UC,BA Music Composition (Herb Alpert School of Music),UC Application,2026-11-30,"Supplemental app on Acceptd ($87): 3-5 scores, at least 3 with live recordings (no MIDI-only); prescreen then faculty interview. Composition must be first-choice major; no alternate major considered.",2026-12-04,Prescreen results late Dec; interviews 2027-01-30,2027-03-02,https://schoolofmusic.ucla.edu/admissions/undergraduate/composition/,Most selective item on the list; start portfolio recordings now.,verified
UC Berkeley,UC,BA Music (composition via upper-division courses and faculty mentor),UC Application,2026-11-30,No audition to major in music; placement test after enrolling. Declared after entering.,none,none,2027-03-02,https://music.berkeley.edu/academics/undergraduate-studies,"No portfolio needed for admission; composition is a self-designed focus, not a separate track.",verified
UC Santa Barbara,UC,BM Composition (BA Music also available),UC Application,2026-11-30,"BM Composition: portfolio (statement of objective, 3 works with PDF score + recording, full list of works). No live audition required. Sign-up via department Google Form.",2027-01-10,Audition day 2027-01-30 (optional for composers),2027-03-02,https://music.ucsb.edu/apply/undergraduate/bachelor-music/fall-entrance-audition-information,,verified
UC Irvine,UC,"BA Music, emphasis in Integrated Composition, Improvisation and Technology (ICIT)",UC Application,2026-11-30,"No audition for the BA. BMus auditions are only for piano, strings and voice.",none,none,2027-03-02,https://www.arts.uci.edu/music/programs/ba,Composition here leans experimental/technology (ICIT).,verified
UC Davis,UC,"BA Music, Track 1: Music Composition",UC Application,2026-11-30,No audition or portfolio found for admission (inferred; confirm with dept 530-752-5537). Senior project can be a composition.,none found,none found,2027-03-02,https://arts.ucdavis.edu/undergraduate-music-programs,,partly verified
CSU Fresno,CSU,BM Theory/Composition,Cal State Apply,2026-11-30,"Must first audition on a primary instrument or voice, then composition interview with portfolio: 3 compositions (notation software or handwritten) with recordings (MIDI OK for undergrads), shared via Google Drive. Register via audition Google Form.",register before audition day,2027-02-13 or 2027-02-27,2027-03-02,https://cah.fresnostate.edu/music/apply/auditions.html,Instrument/voice audition is required too.,verified
CSU Long Beach,CSU,BM Composition (Bob Cole Conservatory),Cal State Apply,2026-11-30,"Prescreen portfolio via Conservatory form: 2-3 recent original works (at least 1 notated; DAW OK for others), recordings of all (live preferred), complete works list.",2027-01-10,"In-person auditions 2027-02-06, 02-13, 02-20",2027-03-02,https://web.csulb.edu/colleges/cota/music/prospective-students/undergraduate-admissions.php,,verified
CSU Northridge,CSU,BM Composition (also Media Composition),Cal State Apply,2026-11-30,"Apply to CSUN, then get an audition link by email. 1-2 works (freshmen) in different styles with recordings if available, short bio, references; instrument audition plus interview with composition director (in person or video + virtual interview).",Music application 2027-01-15; materials/video by 2027-02-20,"2027-02-20, 02-27, 03-06",2027-03-02,https://csun.edu/mike-curb-arts-media-communication/music/prospective-students/audition-placement/composition,Evan wrote CUSN; read as CSU Northridge.,verified
CSU Fullerton,CSU,BM Composition,Cal State Apply,2026-11-30,"Portfolio instead of audition: 1-2 original works with scores and recordings, plus a goals statement. Instrument Request Form is sent after Cal State Apply is processed.",2027-01-10 (portfolio window opens early Dec),Audition weekends 2027-01-30/31 and 02-06/07,2027-03-02,https://www.fullerton.edu/arts/music/students/auditions/index.html,,verified
