school,state,why
UC San Diego,CA,Nationally known for contemporary and experimental composition; BA Music with a composition path.
UC Santa Cruz,CA,BM with a composition concentration and strong electronic music; another UC on the same application.
San Diego State,CA,BM Composition in a large School of Music; same Cal State Apply form.
San Francisco State,CA,BM Composition with a long new-music tradition; same Cal State Apply form.
San Jose State,CA,BM Composition with good electronic and film-music courses; same Cal State Apply form.
University of Michigan,MI,"One of the top composition programs anywhere, public or private; out-of-state tuition is high but merit aid exists."
Indiana University (Jacobs),IN,"Huge, highly ranked school of music with a large composition faculty; out-of-state."
University of North Texas,TX,Big composition department including electroacoustic and media composition; out-of-state cost is moderate.
University of Oregon,OR,Solid BM Composition and a closer West Coast option; out-of-state.
