task,category,applies_to,due,how,source
Log in to CaliforniaColleges.edu,school,UC;CSU,2026-10-31,LAUSD email and password; choose Log in with Clever,Venice HS counselor deck
Link CaliforniaColleges.edu account to the UC application,application,UC,2026-11-30,Done from inside the UC Application,Venice HS counselor deck
Link CaliforniaColleges.edu account to Cal State Apply,application,CSU,2026-11-30,Done from inside Cal State Apply,Venice HS counselor deck
Add every college to Naviance (Colleges I'm Thinking About),school,all,2026-10-31,Naviance > Colleges > Colleges I'm Thinking About > Add Colleges to List > click the heart,Venice HS counselor deck
Move colleges to Colleges I'm Applying To,school,all,2026-10-31,Select from Thinking About list > Move to Application List; term Fall 2027; submission type Direct to Institution; testing No if unsure,Venice HS counselor deck
Complete Brag Sheet 2027 survey (required for all seniors),school,all,2026-10-31,Naviance > About Me > Surveys from My School > Brag Sheet 2027,Venice HS counselor deck
Request counselor letter of rec / transcript (only if a school asks),school,as needed,30 days before that school's deadline,Naviance > About Me > Surveys from My School > Counselor LOR/Transcript,Venice HS counselor deck
Request teacher letter of rec (only if a school asks),school,as needed,30 days before that school's deadline,Naviance > Colleges > Letters of Recommendation > Add,Venice HS counselor deck
Update status in Naviance after each application is submitted,school,all,after each submission,Edit next to each college; update status and submission type,Venice HS counselor deck
Write 4 of 8 UC Personal Insight Questions,application,UC,2026-11-30,Inside the UC Application,Venice HS counselor deck
Download unofficial transcript for self-reporting grades,application,UC;CSU,2026-10-31,Naviance > Colleges > Manage Transcripts > Download unofficial transcripts,Venice HS counselor deck
